название,тип,номер_билета
Секреты Джузеппе Арчимбольдо,выставка,1010421
Музыка в оранжерее Таврического сада,концерт,1022157
Секреты Джузеппе Арчимбольдо,выставка,1056545
Лебединое озеро,театр,1087386
Фрида: невероятное желание жить!,театр,1093691
Мастер и Маргарита,театр,1101495
Фрида: невероятное желание жить!,театр,1109748
Мастер и Маргарита,театр,1111388
Гарри Поттер. Симфонический саундтрек,концерт,1113358
Гарри Поттер. Симфонический саундтрек,концерт,1124375
Лебединое озеро,театр,1130344
Вселенная Островского,театр,1140794
Лебединое озеро,театр,1149066
Музыка в оранжерее Таврического сада,концерт,1153950
Лебединое озеро,театр,1168849
Ван Гог и Тео,выставка,1191067
Вселенная Островского,театр,1200877
Секреты Джузеппе Арчимбольдо,выставка,1202909
Мастер и Маргарита,театр,1228131
Секреты Джузеппе Арчимбольдо,выставка,1230860
Green Apelsin,концерт,1236463
Гарри Поттер. Симфонический саундтрек,концерт,1248731
«Времена года» Вивальди и Пьяццоллa при свечах,концерт,1270753
Гарри Поттер. Симфонический саундтрек,концерт,1271610
Секреты Джузеппе Арчимбольдо,выставка,1279015
«Времена года» Вивальди и Пьяццоллa при свечах,концерт,1283572
Музыка в оранжерее Таврического сада,концерт,1305672
Музыка в оранжерее Таврического сада,концерт,1338278
Гарри Поттер. Симфонический саундтрек,концерт,1339812
Мастер и Маргарита,театр,1342156
Вселенная Островского,театр,1356069
Музыка в оранжерее Таврического сада,концерт,1357123
Фрида: невероятное желание жить!,театр,1374878
Green Apelsin,концерт,1388871
Фрида: невероятное желание жить!,театр,1396980
Мастер и Маргарита,театр,1400093
Фрида: невероятное желание жить!,театр,1405354
Фрида: невероятное желание жить!,театр,1406767
«Времена года» Вивальди и Пьяццоллa при свечах,концерт,1408770
Вселенная Островского,театр,1419096
«Времена года» Вивальди и Пьяццоллa при свечах,концерт,1421226
«Времена года» Вивальди и Пьяццоллa при свечах,концерт,1422829
Вселенная Островского,театр,1431592
Музыка в оранжерее Таврического сада,концерт,1447203
«Времена года» Вивальди и Пьяццоллa при свечах,концерт,1483562
Секреты Джузеппе Арчимбольдо,выставка,1494086
Green Apelsin,концерт,1503358
Green Apelsin,концерт,1524919
Фрида: невероятное желание жить!,театр,1533250
Green Apelsin,концерт,1554697
«Времена года» Вивальди и Пьяццоллa при свечах,концерт,1594110
Green Apelsin,концерт,1596405
Фрида: невероятное желание жить!,театр,1613278
Мастер и Маргарита,театр,1621200
Гарри Поттер. Симфонический саундтрек,концерт,1649226
Гарри Поттер. Симфонический саундтрек,концерт,1652928
Фрида: невероятное желание жить!,театр,1653582
Мастер и Маргарита,театр,1709607
«Времена года» Вивальди и Пьяццоллa при свечах,концерт,1711254
Green Apelsin,концерт,1719212
Мастер и Маргарита,театр,1734939
Гарри Поттер. Симфонический саундтрек,концерт,1738794
Лебединое озеро,театр,1748680
Мастер и Маргарита,театр,1780424
Секреты Джузеппе Арчимбольдо,выставка,1816414
Гарри Поттер. Симфонический саундтрек,концерт,1851808
Green Apelsin,концерт,1862498
Green Apelsin,концерт,1882744
«Времена года» Вивальди и Пьяццоллa при свечах,концерт,1884971
Green Apelsin,концерт,1904349
Вселенная Островского,театр,1909992
Green Apelsin,концерт,2004138
«Времена года» Вивальди и Пьяццоллa при свечах,концерт,2012513
Green Apelsin,концерт,2040390
«Времена года» Вивальди и Пьяццоллa при свечах,концерт,2052383
«Времена года» Вивальди и Пьяццоллa при свечах,концерт,2070385
Музыка в оранжерее Таврического сада,концерт,2124958
Секреты Джузеппе Арчимбольдо,выставка,2126284
Лебединое озеро,театр,2141498
Гарри Поттер. Симфонический саундтрек,концерт,2145463
Музыка в оранжерее Таврического сада,концерт,2150543
Музыка в оранжерее Таврического сада,концерт,2152472
Green Apelsin,концерт,2161243
Green Apelsin,концерт,2166170
Лебединое озеро,театр,2228765
Фрида: невероятное желание жить!,театр,2232815
«Времена года» Вивальди и Пьяццоллa при свечах,концерт,2243781
Музыка в оранжерее Таврического сада,концерт,2250638
Ван Гог и Тео,выставка,2266775
Музыка в оранжерее Таврического сада,концерт,2269394
Гарри Поттер. Симфонический саундтрек,концерт,2271351
Мастер и Маргарита,театр,2292915
Гарри Поттер. Симфонический саундтрек,концерт,2293266
Вселенная Островского,театр,2419979
Лебединое озеро,театр,2434877
Мастер и Маргарита,театр,2439037
Фрида: невероятное желание жить!,театр,2449925
«Времена года» Вивальди и Пьяццоллa при свечах,концерт,2478529
«Времена года» Вивальди и Пьяццоллa при свечах,концерт,2479326
Гарри Поттер. Симфонический саундтрек,концерт,2480452
«Времена года» Вивальди и Пьяццоллa при свечах,концерт,2561211
Гарри Поттер. Симфонический саундтрек,концерт,2568449
«Времена года» Вивальди и Пьяццоллa при свечах,концерт,2568669
Green Apelsin,концерт,2586353
Гарри Поттер. Симфонический саундтрек,концерт,2588095
Вселенная Островского,театр,2609753
Вселенная Островского,театр,2614870
Лебединое озеро,театр,2653919
Мастер и Маргарита,театр,2665269
Музыка в оранжерее Таврического сада,концерт,2688538
Фрида: невероятное желание жить!,театр,2707125
«Времена года» Вивальди и Пьяццоллa при свечах,концерт,2710407
Секреты Джузеппе Арчимбольдо,выставка,2720850
Мастер и Маргарита,театр,2742817
Лебединое озеро,театр,2752534
Вселенная Островского,театр,2781272
Вселенная Островского,театр,2796894
Секреты Джузеппе Арчимбольдо,выставка,2804205
Секреты Джузеппе Арчимбольдо,выставка,2830528
Мастер и Маргарита,театр,2862913
Green Apelsin,концерт,2870677
Секреты Джузеппе Арчимбольдо,выставка,2871089
Лебединое озеро,театр,2895074
Green Apelsin,концерт,2913838
Фрида: невероятное желание жить!,театр,2913896
Green Apelsin,концерт,2928534
Мастер и Маргарита,театр,2932270
«Времена года» Вивальди и Пьяццоллa при свечах,концерт,2953959
«Времена года» Вивальди и Пьяццоллa при свечах,концерт,2968885
Мастер и Маргарита,театр,2983713
Гарри Поттер. Симфонический саундтрек,концерт,3007643
Гарри Поттер. Симфонический саундтрек,концерт,3007965
Фрида: невероятное желание жить!,театр,3009183
Вселенная Островского,театр,3083485
Green Apelsin,концерт,3090670
Мастер и Маргарита,театр,3108396
Green Apelsin,концерт,3131796
Музыка в оранжерее Таврического сада,концерт,3142692
Гарри Поттер. Симфонический саундтрек,концерт,3159825
Фрида: невероятное желание жить!,театр,3165567
«Времена года» Вивальди и Пьяццоллa при свечах,концерт,3175230
Гарри Поттер. Симфонический саундтрек,концерт,3202512
«Времена года» Вивальди и Пьяццоллa при свечах,концерт,3219177
Мастер и Маргарита,театр,3219397
Green Apelsin,концерт,3238717
Green Apelsin,концерт,3241809
«Времена года» Вивальди и Пьяццоллa при свечах,концерт,3252976
Фрида: невероятное желание жить!,театр,3258416
Ван Гог и Тео,выставка,3259402
Green Apelsin,концерт,3284078
Фрида: невероятное желание жить!,театр,3287934
Вселенная Островского,театр,3291077
Ван Гог и Тео,выставка,3307330
Гарри Поттер. Симфонический саундтрек,концерт,3314347
Мастер и Маргарита,театр,3333555
Лебединое озеро,театр,3355734
Музыка в оранжерее Таврического сада,концерт,3360411
Секреты Джузеппе Арчимбольдо,выставка,3367472
Лебединое озеро,театр,3371238
Лебединое озеро,театр,3394223
Ван Гог и Тео,выставка,3415511
Фрида: невероятное желание жить!,театр,3434480
Вселенная Островского,театр,3438879
«Времена года» Вивальди и Пьяццоллa при свечах,концерт,3455545
Мастер и Маргарита,театр,3475237
Ван Гог и Тео,выставка,3481413
Вселенная Островского,театр,3522701
Ван Гог и Тео,выставка,3535771
Мастер и Маргарита,театр,3542891
«Времена года» Вивальди и Пьяццоллa при свечах,концерт,3572834
Музыка в оранжерее Таврического сада,концерт,3575385
Музыка в оранжерее Таврического сада,концерт,3578296
Green Apelsin,концерт,3581681
Фрида: невероятное желание жить!,театр,3593082
Гарри Поттер. Симфонический саундтрек,концерт,3615016
Вселенная Островского,театр,3634769
Green Apelsin,концерт,3648805
Гарри Поттер. Симфонический саундтрек,концерт,3649851
«Времена года» Вивальди и Пьяццоллa при свечах,концерт,3674312
«Времена года» Вивальди и Пьяццоллa при свечах,концерт,3696081
Гарри Поттер. Симфонический саундтрек,концерт,3700785
Green Apelsin,концерт,3701546
Green Apelsin,концерт,3712423
Фрида: невероятное желание жить!,театр,3716500
Гарри Поттер. Симфонический саундтрек,концерт,3718318
Секреты Джузеппе Арчимбольдо,выставка,3720368
Секреты Джузеппе Арчимбольдо,выставка,3757475
Мастер и Маргарита,театр,3769129
Гарри Поттер. Симфонический саундтрек,концерт,3769634
Фрида: невероятное желание жить!,театр,3781759
«Времена года» Вивальди и Пьяццоллa при свечах,концерт,3794464
Лебединое озеро,театр,3834885
Лебединое озеро,театр,3837404
Вселенная Островского,театр,3838929
Green Apelsin,концерт,3847921
Гарри Поттер. Симфонический саундтрек,концерт,3865002
Green Apelsin,концерт,3867084
«Времена года» Вивальди и Пьяццоллa при свечах,концерт,3873702
Музыка в оранжерее Таврического сада,концерт,3881654
Вселенная Островского,театр,3894260
Фрида: невероятное желание жить!,театр,3941474
Green Apelsin,концерт,3949850
Музыка в оранжерее Таврического сада,концерт,3950582
Green Apelsin,концерт,3961736
Лебединое озеро,театр,4024016
Мастер и Маргарита,театр,4029091
Ван Гог и Тео,выставка,4081981
Мастер и Маргарита,театр,4085485
Мастер и Маргарита,театр,4086880
«Времена года» Вивальди и Пьяццоллa при свечах,концерт,4095812
Гарри Поттер. Симфонический саундтрек,концерт,4100055
«Времена года» Вивальди и Пьяццоллa при свечах,концерт,4101803
Green Apelsin,концерт,4105975
Фрида: невероятное желание жить!,театр,4154446
Музыка в оранжерее Таврического сада,концерт,4167441
Лебединое озеро,театр,4169398
Секреты Джузеппе Арчимбольдо,выставка,4188237
Мастер и Маргарита,театр,4195402
Мастер и Маргарита,театр,4195770
«Времена года» Вивальди и Пьяццоллa при свечах,концерт,4231315
Гарри Поттер. Симфонический саундтрек,концерт,4232974
Вселенная Островского,театр,4237316
Фрида: невероятное желание жить!,театр,4244022
Секреты Джузеппе Арчимбольдо,выставка,4253390
Green Apelsin,концерт,4259982
Гарри Поттер. Симфонический саундтрек,концерт,4280572
«Времена года» Вивальди и Пьяццоллa при свечах,концерт,4289736
Музыка в оранжерее Таврического сада,концерт,4309001
Вселенная Островского,театр,4343519
Вселенная Островского,театр,4362138
Музыка в оранжерее Таврического сада,концерт,4380333
Гарри Поттер. Симфонический саундтрек,концерт,4387447
Лебединое озеро,театр,4422562
Вселенная Островского,театр,4434206
Лебединое озеро,театр,4446194
Мастер и Маргарита,театр,4460835
Фрида: невероятное желание жить!,театр,4478531
Вселенная Островского,театр,4481635
«Времена года» Вивальди и Пьяццоллa при свечах,концерт,4482434
Гарри Поттер. Симфонический саундтрек,концерт,4493980
Фрида: невероятное желание жить!,театр,4511918
Секреты Джузеппе Арчимбольдо,выставка,4530325
Ван Гог и Тео,выставка,4555560
Вселенная Островского,театр,4571276
Лебединое озеро,театр,4577272
Фрида: невероятное желание жить!,театр,4596815
Мастер и Маргарита,театр,4606486
Секреты Джузеппе Арчимбольдо,выставка,4609525
Green Apelsin,концерт,4623905
Мастер и Маргарита,театр,4624425
Музыка в оранжерее Таврического сада,концерт,4637773
Музыка в оранжерее Таврического сада,концерт,4641834
«Времена года» Вивальди и Пьяццоллa при свечах,концерт,4643283
«Времена года» Вивальди и Пьяццоллa при свечах,концерт,4660635
Green Apelsin,концерт,4671343
Гарри Поттер. Симфонический саундтрек,концерт,4711994
Музыка в оранжерее Таврического сада,концерт,4717645
«Времена года» Вивальди и Пьяццоллa при свечах,концерт,4728514
Гарри Поттер. Симфонический саундтрек,концерт,4730497
Вселенная Островского,театр,4761278
Лебединое озеро,театр,4763018
«Времена года» Вивальди и Пьяццоллa при свечах,концерт,4767107
Фрида: невероятное желание жить!,театр,4783922
Мастер и Маргарита,театр,4796170
Музыка в оранжерее Таврического сада,концерт,4849875
Green Apelsin,концерт,4862841
Фрида: невероятное желание жить!,театр,4888626
Фрида: невероятное желание жить!,театр,4896182
Green Apelsin,концерт,4914846
Ван Гог и Тео,выставка,4980608
Мастер и Маргарита,театр,5003971
Green Apelsin,концерт,5008863
Лебединое озеро,театр,5031309
Green Apelsin,концерт,5032206
Лебединое озеро,театр,5052607
Гарри Поттер. Симфонический саундтрек,концерт,5057568
«Времена года» Вивальди и Пьяццоллa при свечах,концерт,5097408
Секреты Джузеппе Арчимбольдо,выставка,5106451
Секреты Джузеппе Арчимбольдо,выставка,5113718
Лебединое озеро,театр,5152238
Лебединое озеро,театр,5171587
Green Apelsin,концерт,5190007
Green Apelsin,концерт,5212461
Фрида: невероятное желание жить!,театр,5223910
Лебединое озеро,театр,5226454
«Времена года» Вивальди и Пьяццоллa при свечах,концерт,5240089
«Времена года» Вивальди и Пьяццоллa при свечах,концерт,5240310
Green Apelsin,концерт,5241020
«Времена года» Вивальди и Пьяццоллa при свечах,концерт,5267598
«Времена года» Вивальди и Пьяццоллa при свечах,концерт,5284210
Ван Гог и Тео,выставка,5293216
Green Apelsin,концерт,5296510
Гарри Поттер. Симфонический саундтрек,концерт,5333060
Green Apelsin,концерт,5333473
Green Apelsin,концерт,5337621
Green Apelsin,концерт,5348416
Вселенная Островского,театр,5355494
Вселенная Островского,театр,5365569
Мастер и Маргарита,театр,5382576
Green Apelsin,концерт,5388889
Секреты Джузеппе Арчимбольдо,выставка,5391658
«Времена года» Вивальди и Пьяццоллa при свечах,концерт,5397937
Мастер и Маргарита,театр,5404041
Ван Гог и Тео,выставка,5413160
«Времена года» Вивальди и Пьяццоллa при свечах,концерт,5416867
«Времена года» Вивальди и Пьяццоллa при свечах,концерт,5443109
Секреты Джузеппе Арчимбольдо,выставка,5443781
Фрида: невероятное желание жить!,театр,5451545
Музыка в оранжерее Таврического сада,концерт,5456478
Ван Гог и Тео,выставка,5461734
«Времена года» Вивальди и Пьяццоллa при свечах,концерт,5467735
Фрида: невероятное желание жить!,театр,5485677
Гарри Поттер. Симфонический саундтрек,концерт,5492648
Секреты Джузеппе Арчимбольдо,выставка,5499346
Green Apelsin,концерт,5509169
Green Apelsin,концерт,5532434
Вселенная Островского,театр,5576653
Лебединое озеро,театр,5610272
Мастер и Маргарита,театр,5630810
Музыка в оранжерее Таврического сада,концерт,5638184
Секреты Джузеппе Арчимбольдо,выставка,5667444
Гарри Поттер. Симфонический саундтрек,концерт,5667977
Гарри Поттер. Симфонический саундтрек,концерт,5670660
Green Apelsin,концерт,5689151
Музыка в оранжерее Таврического сада,концерт,5703196
Green Apelsin,концерт,5705886
Вселенная Островского,театр,5719951
«Времена года» Вивальди и Пьяццоллa при свечах,концерт,5732011
Лебединое озеро,театр,5746396
Гарри Поттер. Симфонический саундтрек,концерт,5759050
Ван Гог и Тео,выставка,5766598
Гарри Поттер. Симфонический саундтрек,концерт,5770210
Фрида: невероятное желание жить!,театр,5771039
Green Apelsin,концерт,5789428
Мастер и Маргарита,театр,5816866
Секреты Джузеппе Арчимбольдо,выставка,5820848
Секреты Джузеппе Арчимбольдо,выставка,5842672
Музыка в оранжерее Таврического сада,концерт,5867765
Green Apelsin,концерт,5907170
Лебединое озеро,театр,5913292
Фрида: невероятное желание жить!,театр,5918010
Фрида: невероятное желание жить!,театр,5934122
Мастер и Маргарита,театр,5956438
Green Apelsin,концерт,5977820
«Времена года» Вивальди и Пьяццоллa при свечах,концерт,6005141
Вселенная Островского,театр,6013981
Лебединое озеро,театр,6025887
Секреты Джузеппе Арчимбольдо,выставка,6026486
Green Apelsin,концерт,6026886
Фрида: невероятное желание жить!,театр,6079132
Ван Гог и Тео,выставка,6083399
Лебединое озеро,театр,6092828
Фрида: невероятное желание жить!,театр,6094876
Музыка в оранжерее Таврического сада,концерт,6128346
Лебединое озеро,театр,6137734
Секреты Джузеппе Арчимбольдо,выставка,6147700
«Времена года» Вивальди и Пьяццоллa при свечах,концерт,6164285
«Времена года» Вивальди и Пьяццоллa при свечах,концерт,6205499
Вселенная Островского,театр,6211306
Ван Гог и Тео,выставка,6217363
Фрида: невероятное желание жить!,театр,6218663
Green Apelsin,концерт,6245675
Мастер и Маргарита,театр,6246100
Green Apelsin,концерт,6254376
Гарри Поттер. Симфонический саундтрек,концерт,6272787
Мастер и Маргарита,театр,6287236
Музыка в оранжерее Таврического сада,концерт,6294375
Лебединое озеро,театр,6306503
Фрида: невероятное желание жить!,театр,6309299
«Времена года» Вивальди и Пьяццоллa при свечах,концерт,6314250
Вселенная Островского,театр,6315982
Мастер и Маргарита,театр,6338364
Фрида: невероятное желание жить!,театр,6344610
Green Apelsin,концерт,6347021
Гарри Поттер. Симфонический саундтрек,концерт,6351878
Гарри Поттер. Симфонический саундтрек,концерт,6373343
Вселенная Островского,театр,6374457
Лебединое озеро,театр,6413112
Ван Гог и Тео,выставка,6421148
Вселенная Островского,театр,6450345
Ван Гог и Тео,выставка,6461387
Мастер и Маргарита,театр,6500428
Вселенная Островского,театр,6509315
Фрида: невероятное желание жить!,театр,6513564
Гарри Поттер. Симфонический саундтрек,концерт,6531332
Музыка в оранжерее Таврического сада,концерт,6538255
Музыка в оранжерее Таврического сада,концерт,6567902
Музыка в оранжерее Таврического сада,концерт,6571151
Музыка в оранжерее Таврического сада,концерт,6580735
Вселенная Островского,театр,6580754
«Времена года» Вивальди и Пьяццоллa при свечах,концерт,6580914
Мастер и Маргарита,театр,6585094
Лебединое озеро,театр,6585232
Гарри Поттер. Симфонический саундтрек,концерт,6591190
Ван Гог и Тео,выставка,6646854
Секреты Джузеппе Арчимбольдо,выставка,6656689
«Времена года» Вивальди и Пьяццоллa при свечах,концерт,6659050
Green Apelsin,концерт,6659118
Гарри Поттер. Симфонический саундтрек,концерт,6700143
Музыка в оранжерее Таврического сада,концерт,6735739
Лебединое озеро,театр,6766287
Гарри Поттер. Симфонический саундтрек,концерт,6783862
Мастер и Маргарита,театр,6801691
Гарри Поттер. Симфонический саундтрек,концерт,6812619
Green Apelsin,концерт,6842536
Фрида: невероятное желание жить!,театр,6855771
Лебединое озеро,театр,6912538
Ван Гог и Тео,выставка,6917149
Green Apelsin,концерт,6955740
Гарри Поттер. Симфонический саундтрек,концерт,6958790
Green Apelsin,концерт,6983386
«Времена года» Вивальди и Пьяццоллa при свечах,концерт,7061280
Гарри Поттер. Симфонический саундтрек,концерт,7086112
Ван Гог и Тео,выставка,7114184
Мастер и Маргарита,театр,7117257
«Времена года» Вивальди и Пьяццоллa при свечах,концерт,7118729
Мастер и Маргарита,театр,7119106
Лебединое озеро,театр,7137073
Мастер и Маргарита,театр,7147869
Гарри Поттер. Симфонический саундтрек,концерт,7159729
«Времена года» Вивальди и Пьяццоллa при свечах,концерт,7161884
«Времена года» Вивальди и Пьяццоллa при свечах,концерт,7168863
Фрида: невероятное желание жить!,театр,7182584
Лебединое озеро,театр,7185545
Green Apelsin,концерт,7206535
Секреты Джузеппе Арчимбольдо,выставка,7214026
Лебединое озеро,театр,7224916
Секреты Джузеппе Арчимбольдо,выставка,7275164
Мастер и Маргарита,театр,7277133
Секреты Джузеппе Арчимбольдо,выставка,7281598
Green Apelsin,концерт,7282144
Green Apelsin,концерт,7306672
Мастер и Маргарита,театр,7315651
«Времена года» Вивальди и Пьяццоллa при свечах,концерт,7318002
Гарри Поттер. Симфонический саундтрек,концерт,7326651
Фрида: невероятное желание жить!,театр,7353821
Мастер и Маргарита,театр,7357517
Секреты Джузеппе Арчимбольдо,выставка,7390528
Вселенная Островского,театр,7394723
Лебединое озеро,театр,7395299
Лебединое озеро,театр,7419253
Лебединое озеро,театр,7425590
Лебединое озеро,театр,7456866
Green Apelsin,концерт,7458850
Вселенная Островского,театр,7466154
Музыка в оранжерее Таврического сада,концерт,7466683
Музыка в оранжерее Таврического сада,концерт,7488778
Фрида: невероятное желание жить!,театр,7529719
Ван Гог и Тео,выставка,7541247
«Времена года» Вивальди и Пьяццоллa при свечах,концерт,7542566
Секреты Джузеппе Арчимбольдо,выставка,7546889
Музыка в оранжерее Таврического сада,концерт,7566177
Green Apelsin,концерт,7567202
Музыка в оранжерее Таврического сада,концерт,7567575
Лебединое озеро,театр,7574244
Фрида: невероятное желание жить!,театр,7593995
Фрида: невероятное желание жить!,театр,7596370
Лебединое озеро,театр,7600074
Лебединое озеро,театр,7600592
Лебединое озеро,театр,7602275
Green Apelsin,концерт,7607462
Лебединое озеро,театр,7615340
Секреты Джузеппе Арчимбольдо,выставка,7638324
«Времена года» Вивальди и Пьяццоллa при свечах,концерт,7663489
Мастер и Маргарита,театр,7677861
«Времена года» Вивальди и Пьяццоллa при свечах,концерт,7681294
«Времена года» Вивальди и Пьяццоллa при свечах,концерт,7694693
Секреты Джузеппе Арчимбольдо,выставка,7696147
Секреты Джузеппе Арчимбольдо,выставка,7736412
Вселенная Островского,театр,7740231
Ван Гог и Тео,выставка,7741576
Лебединое озеро,театр,7749816
Секреты Джузеппе Арчимбольдо,выставка,7767498
Green Apelsin,концерт,7799648
Лебединое озеро,театр,7805120
«Времена года» Вивальди и Пьяццоллa при свечах,концерт,7863953
Green Apelsin,концерт,7882737
Green Apelsin,концерт,7892195
«Времена года» Вивальди и Пьяццоллa при свечах,концерт,7944457
Музыка в оранжерее Таврического сада,концерт,7955593
Гарри Поттер. Симфонический саундтрек,концерт,7961525
Вселенная Островского,театр,7976766
Green Apelsin,концерт,7977955
Мастер и Маргарита,театр,7978403
Гарри Поттер. Симфонический саундтрек,концерт,7984442
Гарри Поттер. Симфонический саундтрек,концерт,7995882
Фрида: невероятное желание жить!,театр,8001510
Вселенная Островского,театр,8002410
Лебединое озеро,театр,8020601
Green Apelsin,концерт,8031216
Фрида: невероятное желание жить!,театр,8047144
Мастер и Маргарита,театр,8066614
Green Apelsin,концерт,8076099
Green Apelsin,концерт,8080360
Гарри Поттер. Симфонический саундтрек,концерт,8085743
Ван Гог и Тео,выставка,8108653
Мастер и Маргарита,театр,8115737
Гарри Поттер. Симфонический саундтрек,концерт,8153401
Green Apelsin,концерт,8168849
Фрида: невероятное желание жить!,театр,8179640
Ван Гог и Тео,выставка,8210123
Гарри Поттер. Симфонический саундтрек,концерт,8211001
Фрида: невероятное желание жить!,театр,8215775
Green Apelsin,концерт,8234856
Музыка в оранжерее Таврического сада,концерт,8265792
Фрида: невероятное желание жить!,театр,8271969
Лебединое озеро,театр,8272714
Гарри Поттер. Симфонический саундтрек,концерт,8279178
Гарри Поттер. Симфонический саундтрек,концерт,8285706
Вселенная Островского,театр,8300657
Вселенная Островского,театр,8304361
Гарри Поттер. Симфонический саундтрек,концерт,8305134
Секреты Джузеппе Арчимбольдо,выставка,8315282
Секреты Джузеппе Арчимбольдо,выставка,8317988
Секреты Джузеппе Арчимбольдо,выставка,8323682
Гарри Поттер. Симфонический саундтрек,концерт,8337453
Музыка в оранжерее Таврического сада,концерт,8342065
Музыка в оранжерее Таврического сада,концерт,8344937
Вселенная Островского,театр,8364454
Лебединое озеро,театр,8423601
Секреты Джузеппе Арчимбольдо,выставка,8426021
Секреты Джузеппе Арчимбольдо,выставка,8438012
Гарри Поттер. Симфонический саундтрек,концерт,8448734
Мастер и Маргарита,театр,8457680
Мастер и Маргарита,театр,8460812
Вселенная Островского,театр,8461482
Секреты Джузеппе Арчимбольдо,выставка,8464812
Green Apelsin,концерт,8511463
Вселенная Островского,театр,8524377
Мастер и Маргарита,театр,8571175
Мастер и Маргарита,театр,8602227
Лебединое озеро,театр,8612142
Вселенная Островского,театр,8619182
Мастер и Маргарита,театр,8634195
Green Apelsin,концерт,8637944
Green Apelsin,концерт,8708971
Фрида: невероятное желание жить!,театр,8719255
Гарри Поттер. Симфонический саундтрек,концерт,8720538
Мастер и Маргарита,театр,8730687
«Времена года» Вивальди и Пьяццоллa при свечах,концерт,8730810
Гарри Поттер. Симфонический саундтрек,концерт,8733285
Лебединое озеро,театр,8746609
Green Apelsin,концерт,8751301
Лебединое озеро,театр,8752006
Green Apelsin,концерт,8764603
Мастер и Маргарита,театр,8770118
Мастер и Маргарита,театр,8784774
Секреты Джузеппе Арчимбольдо,выставка,8788223
Мастер и Маргарита,театр,8791842
«Времена года» Вивальди и Пьяццоллa при свечах,концерт,8826516
Green Apelsin,концерт,8835842
«Времена года» Вивальди и Пьяццоллa при свечах,концерт,8840336
Гарри Поттер. Симфонический саундтрек,концерт,8857850
Мастер и Маргарита,театр,8870962
Секреты Джузеппе Арчимбольдо,выставка,8878591
Вселенная Островского,театр,8880111
Секреты Джузеппе Арчимбольдо,выставка,8880597
Мастер и Маргарита,театр,8896071
Музыка в оранжерее Таврического сада,концерт,8927647
Музыка в оранжерее Таврического сада,концерт,8937157
Музыка в оранжерее Таврического сада,концерт,8944092
Вселенная Островского,театр,8987138
«Времена года» Вивальди и Пьяццоллa при свечах,концерт,9007563
Ван Гог и Тео,выставка,9053929
Green Apelsin,концерт,9089180
Фрида: невероятное желание жить!,театр,9098456
Фрида: невероятное желание жить!,театр,9114672
Гарри Поттер. Симфонический саундтрек,концерт,9132172
Музыка в оранжерее Таврического сада,концерт,9136266
Гарри Поттер. Симфонический саундтрек,концерт,9139375
Green Apelsin,концерт,9157650
Вселенная Островского,театр,9196538
«Времена года» Вивальди и Пьяццоллa при свечах,концерт,9201144
Green Apelsin,концерт,9211979
Green Apelsin,концерт,9240157
Вселенная Островского,театр,9261694
«Времена года» Вивальди и Пьяццоллa при свечах,концерт,9265996
«Времена года» Вивальди и Пьяццоллa при свечах,концерт,9283248
Вселенная Островского,театр,9288338
Фрида: невероятное желание жить!,театр,9320331
Фрида: невероятное желание жить!,театр,9349176
Фрида: невероятное желание жить!,театр,9355559
Фрида: невероятное желание жить!,театр,9355846
Мастер и Маргарита,театр,9367586
Секреты Джузеппе Арчимбольдо,выставка,9377359
«Времена года» Вивальди и Пьяццоллa при свечах,концерт,9377502
«Времена года» Вивальди и Пьяццоллa при свечах,концерт,9393570
Гарри Поттер. Симфонический саундтрек,концерт,9396077
Гарри Поттер. Симфонический саундтрек,концерт,9397591
Вселенная Островского,театр,9423543
Секреты Джузеппе Арчимбольдо,выставка,9423832
Ван Гог и Тео,выставка,9429459
Green Apelsin,концерт,9434316
Мастер и Маргарита,театр,9442293
Фрида: невероятное желание жить!,театр,9465325
Green Apelsin,концерт,9484294
Фрида: невероятное желание жить!,театр,9484373
Гарри Поттер. Симфонический саундтрек,концерт,9493121
Музыка в оранжерее Таврического сада,концерт,9494494
Green Apelsin,концерт,9514319
Гарри Поттер. Симфонический саундтрек,концерт,9569166
Фрида: невероятное желание жить!,театр,9572479
«Времена года» Вивальди и Пьяццоллa при свечах,концерт,9614425
Green Apelsin,концерт,9627411
Гарри Поттер. Симфонический саундтрек,концерт,9634937
«Времена года» Вивальди и Пьяццоллa при свечах,концерт,9638705
Лебединое озеро,театр,9642421
Фрида: невероятное желание жить!,театр,9651650
Фрида: невероятное желание жить!,театр,9658981
«Времена года» Вивальди и Пьяццоллa при свечах,концерт,9668472
«Времена года» Вивальди и Пьяццоллa при свечах,концерт,9688415
«Времена года» Вивальди и Пьяццоллa при свечах,концерт,9704738
Гарри Поттер. Симфонический саундтрек,концерт,9708677
Лебединое озеро,театр,9722143
Мастер и Маргарита,театр,9732263
«Времена года» Вивальди и Пьяццоллa при свечах,концерт,9756155
Green Apelsin,концерт,9772567
Вселенная Островского,театр,9774871
Мастер и Маргарита,театр,9781127
Green Apelsin,концерт,9787202
Green Apelsin,концерт,9796412
Лебединое озеро,театр,9813701
Фрида: невероятное желание жить!,театр,9815033
Гарри Поттер. Симфонический саундтрек,концерт,9818775
Мастер и Маргарита,театр,9821599
Секреты Джузеппе Арчимбольдо,выставка,9827349
Гарри Поттер. Симфонический саундтрек,концерт,9843164
Вселенная Островского,театр,9844083
Фрида: невероятное желание жить!,театр,9848236
«Времена года» Вивальди и Пьяццоллa при свечах,концерт,9853223
Фрида: невероятное желание жить!,театр,9860370
Секреты Джузеппе Арчимбольдо,выставка,9873691
«Времена года» Вивальди и Пьяццоллa при свечах,концерт,9876305
«Времена года» Вивальди и Пьяццоллa при свечах,концерт,9884641
Green Apelsin,концерт,9887527
